week,cases
2013-12-29,148
2014-01-05,531
2014-01-12,557
2014-01-19,803
2014-01-26,631
2014-02-02,804
2014-02-09,627
2014-02-16,767
2014-02-23,661
2014-03-02,662
2014-03-09,416
2014-03-16,280
2014-03-23,432
2014-03-30,415
2014-04-06,477
2014-04-13,195
2014-04-20,354
2014-04-27,135
2014-05-04,270
2014-05-11,273
2014-05-18,323
2014-05-25,212
2014-06-01,159
2014-06-08,530
2014-06-15,477
2014-06-22,377
2014-06-29,253
2014-07-06,350
2014-07-13,397
2014-07-20,130
2014-07-27,311
2014-08-03,133
2014-08-10,191
2014-08-17,380
2014-08-24,40
2014-08-31,41
2014-09-07,315
2014-09-14,287
2014-09-21,53
2014-09-28,359
2014-10-05,274
2014-10-12,405
2014-10-19,166
2014-10-26,251
2014-11-02,436
2014-11-09,527
2014-11-16,263
2014-11-23,475
2014-11-30,261
2014-12-07,478
2014-12-14,478
2014-12-21,83
2014-12-28,190
2015-01-04,180
2015-01-11,380
2015-01-18,411
2015-01-25,489
2015-02-01,505
2015-02-08,435
2015-02-15,485
2015-02-22,584
2015-03-01,767
2015-03-08,630
2015-03-15,818
2015-03-22,689
2015-03-29,728
2015-04-05,1404
2015-04-12,1624
2015-04-19,1761
2015-04-26,2002
2015-05-03,2220
2015-05-10,2154
2015-05-17,2421
2015-05-24,2179
2015-05-31,0
2015-06-07,1573
2015-06-14,3883
2015-06-21,1148
2015-06-28,1498
2015-07-05,1242
2015-07-12,721
2015-07-19,504
2015-07-26,536
2015-08-02,302
2015-08-09,451
2015-08-16,199
2015-08-23,353
2015-08-30,489
2016-01-03,158
2016-01-10,524
2016-01-17,523
2016-01-24,704
2016-01-31,772
2016-02-07,1109
2016-02-14,1338
2016-02-21,1126
2016-02-28,1332
2016-03-06,1334
2016-03-13,1260
2016-03-20,1134
2016-03-27,1075
2016-04-03,1208
2016-04-10,1468
2016-04-17,1637
2016-04-24,1422
2016-05-01,336
2016-05-08,1701
2016-05-15,613
2016-05-22,1235
2016-05-29,1382
2016-06-05,755
2016-06-12,864
2016-06-19,812
2016-06-26,401
2016-07-03,374
2016-07-10,346
2016-07-17,168
2016-07-24,50
2016-07-31,66
2016-08-07,193
2016-08-14,131
2016-08-21,108
2016-08-28,118
2016-09-04,207
2016-09-11,77
2016-09-18,60
2016-09-25,294
2016-10-02,45
2016-10-09,163
2016-10-16,498
2016-10-23,211
2016-10-30,170
2016-11-06,409
2016-11-13,300
2016-11-20,234
2016-11-27,354
2016-12-04,145
2016-12-11,440
2016-12-18,218
2016-12-25,266
2017-01-01,200
2017-01-08,412
2017-01-15,479
2017-01-22,454
2017-01-29,606
2017-02-05,727
2017-02-12,919
2017-02-19,650
2017-02-26,842
2017-03-05,1073
2017-03-12,1228
2017-03-19,1514
2017-03-26,2271
2017-04-02,2188
2017-04-09,2485
2017-04-16,3773
2017-04-23,3532
2017-04-30,4307
2017-05-07,6206
2017-05-14,11105
2017-05-21,8046
2017-05-28,5144
2017-06-04,3820
2017-06-11,2796
2017-06-18,1910
2017-06-25,607
2017-07-02,183
2017-07-09,1210
2017-07-16,1227
2017-07-23,601
2017-07-30,618
2017-08-06,314
2017-08-13,70
2017-08-20,176
2017-08-27,174
2017-09-03,407
2017-09-10,428
2017-09-17,129
2017-09-24,339
2017-10-01,301
2017-10-08,295
2017-10-15,1
2017-10-22,287
2017-10-29,106
2017-11-05,170
2017-11-12,251
2017-11-19,335
2017-11-26,332
2017-12-03,265
2017-12-10,185
2017-12-17,197
2017-12-24,198
2017-12-31,130
2018-01-07,403
2018-01-14,404
2018-01-21,613
2018-01-28,459
2018-02-04,59
2018-02-11,341
2018-02-18,175
2018-02-25,239
2018-03-04,291
2018-03-11,211
2018-03-18,411
2018-03-25,49
2018-04-01,50
2018-04-08,299
2018-04-15,331
2018-04-22,385
2018-04-29,285
2018-05-06,139
2018-05-13,79
2018-05-20,39
2018-05-27,137
2018-06-03,6
2018-06-10,53
2018-06-17,18
2018-06-24,60
2018-07-01,230
2018-07-08,23
2018-07-15,8
2018-07-22,55
2018-07-29,40
2018-08-05,91
2018-08-12,156
2018-08-19,22
2018-08-26,12
2018-09-02,4
2018-09-09,1
2018-09-16,1
2018-09-23,3
2018-09-30,3
2018-10-07,1
2018-10-14,5
2018-10-21,15
2018-10-28,46
2018-11-04,6
2018-11-11,2
2018-11-18,0
2018-11-25,2
2018-12-02,7
2018-12-09,166
2018-12-16,182
2018-12-23,183
2018-12-30,135
2019-01-06,322
2019-01-13,391
2019-01-20,329
2019-01-27,409
2019-02-03,388
2019-02-10,313
2019-02-17,418
2019-02-24,383
2019-03-03,282
2019-03-10,208
2019-03-17,257
2019-03-24,398
2019-03-31,53
2019-04-07,291
2019-04-14,67
2019-04-21,67
2019-04-28,342
2019-05-05,251
2019-05-12,333
2019-05-19,221
2019-05-26,208
2019-06-02,321
2019-06-09,513
2019-06-16,272
2019-06-23,240
2019-06-30,80
2019-07-07,197
2019-07-14,119
2019-07-21,163
2019-07-28,157
2019-08-04,197
2019-08-11,124
2019-08-18,210
2019-08-25,205
2019-09-01,150
2019-09-08,171
2019-09-15,106
2019-09-22,124
2019-09-29,185
2019-10-06,41
2019-10-13,41
2019-10-20,180
2019-10-27,354
2019-11-03,1350
2019-11-10,821
2019-11-17,1321
2019-11-24,945
2019-12-01,757
2019-12-08,450
2019-12-15,600
2019-12-22,683
2019-12-29,614
2020-01-05,762
2020-01-12,911
2020-01-19,1058
2020-01-26,1102
2020-02-02,1149
2020-02-09,1412
2020-02-16,1383
2020-02-23,1534
2020-03-01,1930
2020-03-08,1596
2020-03-15,1123
2020-03-22,1031
2020-03-29,1118
2020-04-05,1070
2020-04-12,1495
2020-04-19,1306
2020-04-26,1144
2020-05-03,978
2020-05-10,944
2020-05-17,842
2020-05-24,563
2020-05-31,433
2020-06-07,395
2020-06-14,357
2020-06-21,292
2020-06-28,282
2020-07-05,215
2020-07-12,230
2020-07-19,256
2020-07-26,342
2020-08-02,386
2020-08-09,476
2020-08-16,590
2020-08-23,500
2020-08-30,647
2020-09-06,725
2020-09-13,793
2020-09-20,893
2020-09-27,1092
2020-10-04,1240
2020-10-11,1391
2020-10-18,1602
2020-10-25,1748
2020-11-01,2099
2020-11-08,2142
2020-11-15,2200
2020-11-22,1883
2020-11-29,2039
2020-12-06,2050
2020-12-13,1896
2020-12-20,1404
2020-12-27,731
2021-01-03,1637
2021-01-10,1229
2021-01-17,1156
2021-01-24,975
2021-01-31,946
2021-02-07,892
2021-02-14,937
2021-02-21,1026
2021-02-28,1178
2021-03-07,1259
2021-03-14,1366
2021-03-21,1245
2021-03-28,1132
2021-04-04,1153
2021-04-11,1137
2021-04-18,1072
2021-04-25,1019
2021-05-02,968
2021-05-09,1080
2021-05-16,1112
2021-05-23,920
2021-05-30,958
2021-06-06,956
2021-06-13,828
2021-06-20,746
2021-06-27,702
2021-07-04,601
2021-07-11,563
2021-07-18,543
2021-07-25,441
2021-08-01,493
2021-08-08,495
2021-08-15,568
2021-08-22,475
2021-08-29,462
2021-09-05,505
2021-09-12,526
2021-09-19,590
2021-09-26,673
2021-10-03,597
2021-10-10,750
2021-10-17,922
2021-10-24,872
2021-10-31,951
2021-11-07,1139
2021-11-14,1256
2021-11-21,1318
2021-11-28,1515
2021-12-05,1500
2021-12-12,1579
2021-12-19,1348
2021-12-26,963
2022-01-02,1070
2022-01-09,1017
2022-01-16,950
2022-01-23,978
2022-01-30,1318
2022-02-06,1423
2022-02-13,1657
2022-02-20,1853
2022-02-27,1974
2022-03-06,2043
2022-03-13,2250
2022-03-20,2272
2022-03-27,2566
2022-04-03,2876
2022-04-10,2992
2022-04-17,3421
2022-04-24,3099
2022-05-01,3189
2022-05-08,2999
2022-05-15,2425
2022-05-22,1965
2022-05-29,1686
2022-06-05,1440
2022-06-12,1201
2022-06-19,1036
2022-06-26,904
2022-07-03,826
2022-07-10,782
2022-07-17,669
2022-07-24,452
2022-07-31,499
2022-08-07,553
2022-08-14,580
2022-08-21,485
2022-08-28,484
2022-09-04,550
2022-09-11,557
2022-09-18,580
2022-09-25,624
2022-10-02,537
2022-10-09,596
2022-10-16,734
2022-10-23,830
2022-10-30,1069
2022-11-06,1314
2022-11-13,1633
2022-11-20,1623
2022-11-27,1624
2022-12-04,1412
2022-12-11,1383
2022-12-18,1134
2022-12-25,717
2023-01-01,1596
2023-01-08,1499
2023-01-15,1851
2023-01-22,1757
2023-01-29,1914
2023-02-05,2142
2023-02-12,2303
2023-02-19,2513
2023-02-26,2545
2023-03-05,2528
2023-03-12,3018
2023-03-19,3796
2023-03-26,4099
2023-04-02,4430
2023-04-09,6520
2023-04-16,7614
2023-04-23,8594
2023-04-30,11860
2023-05-07,15304
2023-05-14,20425
2023-05-21,18043
2023-05-28,17868
2023-06-04,15637
2023-06-11,13340
2023-06-18,11073
2023-06-25,8681
2023-07-02,8132
2023-07-09,7669
2023-07-16,6815
2023-07-23,5158
2023-07-30,5423
2023-08-06,5060
2023-08-13,4380
2023-08-20,3824
2023-08-27,3466
2023-09-03,3368
2023-09-10,2883
2023-09-17,2317
2023-09-24,2158
2023-10-01,2028
2023-10-08,1829
2023-10-15,1874
2023-10-22,1563
2023-10-29,1626
2023-11-05,1800
2023-11-12,1802
2023-11-19,1823
2023-11-26,1854
2023-12-03,1680
2023-12-10,1784
2023-12-17,1651
2023-12-24,1310
2023-12-31,1654
2024-01-07,1790
2024-01-14,2219
2024-01-21,2683
2024-01-28,3967
2024-02-04,5505
2024-02-11,7643
2024-02-18,10651
2024-02-25,14193
2024-03-03,15648
2024-03-10,18286
2024-03-17,18603
2024-03-24,17534
2024-03-31,22030
2024-04-07,21393
2024-04-14,21614
2024-04-21,17298
2024-04-28,15125
2024-05-05,12351
2024-05-12,9518
2024-05-19,6668
2024-05-26,4236
2024-06-02,2892
2024-06-09,2128
2024-06-16,1691
2024-06-23,1049
2024-06-30,966
2024-07-07,736
2024-07-14,571
2024-07-21,415
2024-07-28,456
2024-08-04,436
2024-08-11,476
2024-08-18,484
2024-08-25,449
2024-09-01,509
2024-09-08,501
2024-09-15,465
2024-09-22,414
2024-09-29,577
2024-10-06,538
2024-10-13,608
2024-10-20,796
2024-10-27,855
2024-11-03,1037
2024-11-10,1238
2024-11-17,1607
2024-11-24,1568
2024-12-01,1771
2024-12-08,1875
2024-12-15,1664
2024-12-22,1345
